,City,Lat,Lng,Max Temp,Humidity,Cloudiness,Wind Speed,Country,Date
0,Hermanus,-34.42,19.23,289.82,54,92,0.89,ZA,1601451903
1,Boden,65.83,21.69,282.15,100,90,2.1,SE,1601451904
2,Zárate,-34.1,-59.03,287.59,85,0,1.82,AR,1601451904
3,Ballina,-28.87,153.57,293.15,59,40,3.6,AU,1601451904
4,Jamestown,42.1,-79.24,283.71,100,90,2.6,US,1601451904
5,Clyde River,70.47,-68.59,271.15,92,90,2.1,CA,1601451905
6,Malé,4.17,73.51,304.15,74,75,3.6,MV,1601451738
7,Bambous Virieux,-20.34,57.76,299.15,65,75,7.2,MU,1601451905
8,Tutóia,-2.76,-42.27,299.68,77,94,7.41,BR,1601451905
9,Kapaa,22.08,-159.32,297.15,88,1,2.6,US,1601451906
10,Albany,42.6,-73.97,287.04,89,100,0.89,US,1601451906
11,Butaritari,3.07,172.79,301.06,75,0,5.21,KI,1601451906
12,Fairbanks,64.84,-147.72,280.37,70,1,4.6,US,1601451907
13,Grindavik,63.84,-22.43,276.15,93,75,3.6,IS,1601451907
14,Esperance,-33.87,121.9,293.15,68,0,6.7,AU,1601451907
15,Yangi Marg`ilon,40.43,71.72,288.15,51,40,3.1,UZ,1601451907
16,Busselton,-33.65,115.33,290.93,83,100,2.68,AU,1601451853
17,Tocopilla,-22.09,-70.2,289.06,65,33,3.42,CL,1601451908
18,Puerto Ayora,-0.74,-90.35,293.15,88,92,3.13,EC,1601451908
19,Kilindoni,-7.91,39.67,299.12,73,63,2.83,TZ,1601451909
20,Cherskiy,68.75,161.3,278.51,67,75,4.95,RU,1601451910
21,Yeniseysk,58.45,92.17,278.15,64,93,2.72,RU,1601451910
22,Cape Town,-33.93,18.42,289.82,58,20,4.1,ZA,1601451665
23,Carnarvon,-24.87,113.63,297.15,64,0,9.3,AU,1601451737
24,Ushuaia,-54.8,-68.3,273.15,93,90,4.1,AR,1601451911
25,Miracema do Tocantins,-9.56,-48.4,298.57,59,0,1.58,BR,1601451911
26,Saint Paul Harbor,57.79,-152.41,282.15,93,90,17.5,US,1601451908
27,Chicla,-11.71,-76.27,280.58,61,99,1.91,PE,1601451911
28,Dakar,14.69,-17.44,301.15,83,20,3.1,SN,1601451912
29,Herat Province,34.5,62.0,290.15,23,20,2.1,AF,1601451912
30,Baruun-Urt,46.68,113.28,286.83,36,100,5.0,MN,1601451912
31,Port Hedland,-20.32,118.57,307.15,20,0,9.3,AU,1601451912
32,Mahajanga,-15.72,46.32,306.15,36,24,4.1,MG,1601451913
33,Biak,-0.91,122.88,300.45,76,91,2.71,ID,1601451913
34,Port Alfred,-33.59,26.89,291.87,48,0,6.18,ZA,1601451913
35,Tuktoyaktuk,69.45,-133.04,274.87,88,100,0.67,CA,1601451914
36,Samarai,-10.62,150.67,299.04,85,58,7.33,PG,1601451915
37,Qaanaaq,77.48,-69.36,263.15,78,0,2.85,GL,1601451915
38,Manavālakurichi,8.13,77.3,302.15,79,75,1.5,IN,1601451824
39,Khatīma,28.92,79.97,303.15,66,0,1.5,IN,1601451660
40,Soyo,-6.13,12.37,298.15,83,20,1.84,AO,1601451916
41,Grand Gaube,-20.01,57.66,297.59,71,12,4.47,MU,1601451916
42,Port Blair,11.67,92.75,302.56,74,3,8.34,IN,1601451917
43,Kaitangata,-46.28,169.85,282.04,71,98,1.79,NZ,1601451917
44,Torbay,47.67,-52.73,291.48,100,90,3.6,CA,1601451917
45,Saint-Philippe,-21.36,55.77,300.15,61,39,4.1,RE,1601451918
46,Pingliang,35.54,106.69,287.34,81,100,2.98,CN,1601451386
47,Hithadhoo,-0.6,73.08,301.78,66,100,2.68,MV,1601451904
48,Mataura,-46.19,168.86,282.04,91,97,3.58,NZ,1601451919
49,Thompson,55.74,-97.86,280.15,100,75,3.1,CA,1601451919
50,Castro,-24.79,-50.01,289.4,89,39,1.58,BR,1601451919
51,Rikitea,-23.12,-134.97,294.26,80,37,10.16,PF,1601451920
52,Ugoofaaru,5.67,73.0,301.05,74,100,4.92,MV,1601451920
53,Saposoa,-6.93,-76.77,293.63,91,100,0.58,PE,1601451920
54,Adrar,20.5,-10.07,303.5,27,0,6.07,MR,1601451920
55,Ilulissat,69.22,-51.1,270.15,73,97,3.1,GL,1601451921
56,Chui,-33.7,-53.46,283.35,97,0,1.05,UY,1601451922
57,Yellowknife,62.46,-114.35,275.93,100,40,3.1,CA,1601451922
58,Praia da Vitória,38.73,-27.07,290.15,88,75,4.45,PT,1601451922
59,Jos,9.92,8.9,294.73,78,77,1.16,NG,1601451922
60,Arraial do Cabo,-22.97,-42.03,295.66,91,21,4.8,BR,1601451923
61,Klaksvík,62.23,-6.59,283.15,93,100,12.9,FO,1601451923
62,Mombetsu,44.35,143.35,290.15,88,75,2.1,JP,1601451923
63,Cairns,-16.92,145.77,299.15,57,90,6.2,AU,1601451923
64,Norman Wells,65.28,-126.83,271.15,100,40,1.5,CA,1601451924
65,Portland,45.52,-122.68,291.15,72,40,0.65,US,1601451924
66,Sari,36.56,53.06,297.15,41,20,3.1,IR,1601451632
67,Kavaratti,10.57,72.64,300.35,78,86,5.54,IN,1601451924
68,Mahébourg,-20.41,57.7,299.15,65,75,7.2,MU,1601451925
69,Bluff,-46.6,168.33,282.04,91,90,3.58,NZ,1601451925
70,East London,-33.02,27.91,293.15,45,0,5.7,ZA,1601451925
71,Narsaq,60.92,-46.05,270.15,49,43,2.6,GL,1601451926
72,Vila Franca do Campo,37.72,-25.43,292.15,68,75,2.1,PT,1601451926
73,Katangli,51.71,143.23,283.18,85,7,3.96,RU,1601451926
74,Yulara,-25.24,130.99,303.15,17,0,2.6,AU,1601451926
75,Pemba,-12.97,40.52,300.15,78,75,1.0,MZ,1601451927
76,São Filipe,14.9,-24.5,299.22,76,29,4.82,CV,1601451927
77,Avarua,-21.21,-159.78,297.15,88,16,9.3,CK,1601451927
78,Saint-Augustin,51.23,-58.65,287.69,93,100,9.14,CA,1601451927
79,Punta Arenas,-53.15,-70.92,274.15,80,90,6.2,CL,1601451928
80,Cabo San Lucas,22.89,-109.91,300.93,71,0,0.67,MX,1601451928
81,Talnakh,69.49,88.4,272.15,86,40,7.0,RU,1601451928
82,Zwedru,6.07,-8.13,295.59,97,100,0.74,LR,1601451929
83,Tuatapere,-46.13,167.68,282.04,91,100,3.58,NZ,1601451929
84,Oodweyne,9.41,45.06,301.01,48,100,6.18,SO,1601451929
85,Makkaveyevo,51.75,113.95,285.15,46,40,2.0,RU,1601451930
86,La Santisima Trinidad,-14.83,-64.9,297.48,72,0,1.61,BO,1601451930
87,Gachsaran,30.36,50.8,305.15,40,0,3.1,IR,1601451930
88,Oranjemund,-28.55,16.43,288.96,61,0,9.43,NA,1601451930
89,Hilo,19.73,-155.09,298.15,78,20,2.1,US,1601451931
90,Taoudenni,22.68,-3.98,309.15,10,4,2.71,ML,1601451931
91,Khatanga,71.97,102.5,272.17,95,93,5.25,RU,1601451931
92,Kemijärvi,66.71,27.43,282.01,86,100,1.85,FI,1601451931
93,Kasempa,-13.46,25.83,302.61,37,61,2.66,ZM,1601451931
94,Saint-Pierre,-21.34,55.48,300.15,61,29,4.1,RE,1601451932
95,Alta Floresta,-9.88,-56.09,297.23,59,99,1.12,BR,1601451932
96,Dayong,25.02,118.29,296.15,83,90,5.0,CN,1601451932
97,Mandera,3.94,41.87,304.92,43,59,5.75,KE,1601451932
98,Ulaangom,49.98,92.07,284.1,42,96,3.92,MN,1601451933
99,Hobart,-42.88,147.33,289.26,55,75,6.2,AU,1601451784
100,Ponta do Sol,32.67,-17.1,293.15,72,75,2.6,PT,1601451933
101,Gazojak,41.19,61.4,292.47,24,0,1.12,TM,1601451934
102,Ribeira Grande,38.52,-28.7,290.15,77,20,2.6,PT,1601451934
103,Chokurdakh,70.63,147.92,278.78,97,100,4.25,RU,1601451934
104,Turan,16.07,108.22,306.15,63,20,6.7,VN,1601451474
105,Nemuro,43.32,145.57,288.15,77,75,3.1,JP,1601451647
106,Alekseyevsk,57.84,108.35,276.03,78,99,2.25,RU,1601451935
107,Saldanha,-33.01,17.94,288.15,62,40,5.1,ZA,1601451935
108,Barrow,71.29,-156.79,273.15,98,90,4.6,US,1601451935
109,Blackwater,-23.58,148.88,297.07,43,2,7.14,AU,1601451936
110,Bengkulu,-3.8,102.27,303.63,63,1,6.74,ID,1601451936
111,Ostrovnoy,68.05,39.51,283.58,75,8,6.97,RU,1601451936
112,At-Bashi,41.17,75.81,288.62,33,100,2.86,KG,1601451936
113,Nauta,-4.51,-73.58,294.91,98,100,1.16,PE,1601451936
114,Port-Gentil,-0.72,8.78,300.15,78,75,4.6,GA,1601451937
115,Saint George,37.1,-113.58,292.59,14,1,3.6,US,1601451937
116,Kipini,-2.53,40.53,301.15,69,75,4.6,KE,1601451937
117,São Miguel do Araguaia,-13.28,-50.16,299.26,28,7,1.68,BR,1601451937
118,Vaini,-21.2,-175.2,298.15,94,75,5.7,TO,1601451938
119,Kirkwood,38.58,-90.41,287.15,62,20,6.2,US,1601451938
120,Alice,27.75,-98.07,288.15,71,1,3.6,US,1601451938
121,Mar del Plata,-38.0,-57.56,288.71,93,0,3.6,AR,1601451938
122,Smidovich,48.6,133.82,286.06,57,0,1.39,RU,1601451939
123,Morropón,-5.18,-79.97,290.94,75,95,0.82,PE,1601451939
124,Tessalit,20.2,1.01,307.97,10,0,3.48,ML,1601451939
125,Kontagora,10.4,5.47,296.72,92,99,3.07,NG,1601451939
126,Starachowice,51.04,21.07,284.82,84,100,1.34,PL,1601451940
127,Mount Isa,-20.73,139.5,310.15,10,1,5.1,AU,1601451940
128,Siirt,37.93,41.94,301.15,26,20,1.0,TR,1601451860
129,George Town,5.41,100.34,304.15,66,20,3.6,MY,1601451941
130,Tuy Hoa,13.08,109.3,305.33,61,83,2.5,VN,1601451941
131,Ratnagiri,16.98,73.3,300.91,74,20,2.77,IN,1601451941
132,Shelburne,44.08,-80.2,284.15,93,90,1.5,CA,1601451942
133,Dwārka,22.24,68.97,302.36,64,0,5.2,IN,1601451942
134,Lagoa,39.05,-27.98,292.63,80,13,5.89,PT,1601451942
135,Huilong,31.81,121.66,302.04,50,0,0.45,CN,1601451942
136,Chapais,49.78,-74.85,283.15,93,90,2.6,CA,1601451943
137,Lundazi,-12.29,33.18,303.09,24,99,5.41,ZM,1601451943
138,Lompoc,34.64,-120.46,286.15,100,90,3.93,US,1601451943
139,Coyhaique,-45.58,-72.07,275.15,69,20,1.0,CL,1601451944
140,San Rafael,-34.62,-68.33,287.18,32,0,4.23,AR,1601451944
141,Okha,53.57,142.95,282.75,86,69,3.7,RU,1601451944
142,Tura,25.52,90.22,302.48,83,96,0.56,IN,1601451944
143,Kahului,20.89,-156.47,300.15,69,40,5.1,US,1601451945
144,Hofn,64.25,-15.21,280.98,88,100,3.62,IS,1601451945
145,Los Alamos,35.89,-106.31,287.15,14,1,1.5,US,1601451758
146,Atuona,-9.8,-139.03,299.07,75,3,10.22,PF,1601451945
147,Shenkursk,62.11,42.9,284.12,76,100,2.95,RU,1601451946
148,Coroatá,-4.13,-44.12,295.79,93,58,0.99,BR,1601451946
149,Kavieng,-2.57,150.8,301.53,73,69,2.29,PG,1601451946
150,New Norfolk,-42.78,147.06,289.26,59,100,0.89,AU,1601451736
151,Kumul,42.8,93.45,289.99,25,0,1.14,CN,1601451848
152,São João da Barra,-21.64,-41.05,296.17,87,79,3.29,BR,1601451947
153,Jiuquan,39.74,98.52,288.35,34,1,1.61,CN,1601451448
154,Upernavik,72.79,-56.15,268.58,93,93,4.83,GL,1601451947
155,Manacapuru,-3.3,-60.62,297.15,100,96,0.5,BR,1601451947
156,Alofi,-19.06,-169.92,297.15,94,26,3.1,NU,1601451948
157,Feijó,-8.16,-70.35,293.71,96,100,1.0,BR,1601451948
158,Dikson,73.51,80.55,275.41,81,99,6.0,RU,1601451948
159,Santa Rosa,14.31,121.11,305.15,66,40,4.6,PH,1601451904
160,Lorengau,-2.02,147.27,301.54,75,28,3.43,PG,1601451949
161,Kloulklubed,7.04,134.26,302.15,74,75,4.6,PW,1601451949
162,Newport,51.59,-3.0,285.37,95,100,0.45,GB,1601451949
163,Bredasdorp,-34.53,20.04,287.15,67,50,2.1,ZA,1601451950
164,Awjilah,29.11,21.29,302.25,49,0,3.63,LY,1601451950
165,Hamilton,39.18,-84.53,282.59,93,1,3.38,US,1601451950
166,Pevek,69.7,170.31,276.49,78,93,6.82,RU,1601451950
167,Marawi,8.0,124.29,301.48,80,95,2.24,PH,1601451951
168,Longyearbyen,78.22,15.64,277.15,88,75,7.7,SJ,1601451951
169,Lebu,-37.62,-73.65,280.59,78,95,4.95,CL,1601451951
170,Pangkalanbuun,-2.68,111.62,304.36,59,95,1.72,ID,1601451951
171,Llanes,43.42,-4.75,292.04,67,31,3.06,ES,1601451952
172,Nikolskoye,59.7,30.79,286.48,87,75,2.0,RU,1601451952
173,Stornoway,58.21,-6.39,285.37,93,75,10.3,GB,1601451952
174,Vila Velha,-20.33,-40.29,299.26,88,20,2.6,BR,1601451952
175,Lubao,14.92,120.55,306.15,66,75,1.0,PH,1601451953
176,San Andrés,12.58,-81.7,299.15,88,75,2.1,CO,1601451953
177,Kalundborg,55.68,11.09,286.48,93,75,2.1,DK,1601451953
178,Tasiilaq,65.61,-37.64,272.15,80,88,0.5,GL,1601451953
179,Al Bardīyah,31.76,25.09,299.3,58,0,6.15,LY,1601451954
180,Basco,20.45,121.97,300.83,80,67,4.84,PH,1601451954
181,Port Elizabeth,-33.92,25.57,288.15,62,0,5.1,ZA,1601451954
182,Egvekinot,66.32,-179.17,272.75,97,100,1.55,RU,1601451954
183,Victoria Falls,-17.92,25.84,306.87,24,24,3.89,ZW,1601451955
184,Touros,-5.2,-35.46,295.15,94,40,1.5,BR,1601451955
185,Pandan,14.05,124.17,302.95,66,50,1.87,PH,1601451955
186,Petatlán,17.52,-101.27,297.66,81,7,1.89,MX,1601451955
187,Zhigansk,66.77,123.37,274.21,88,90,3.53,RU,1601451956
188,Alugan,12.22,125.48,302.31,75,100,2.47,PH,1601451956
189,Östersund,63.18,14.64,283.15,93,90,4.6,SE,1601451957
190,Merauke,-8.47,140.33,301.67,67,100,7.42,ID,1601451957
191,Port Hardy,50.7,-127.42,285.15,93,5,1.5,CA,1601451957
192,Mackenzie,55.3,-123.17,276.15,100,1,0.73,CA,1601451957
193,Kruisfontein,-34.0,24.73,290.93,53,0,1.34,ZA,1601451958
194,Umba,66.69,34.34,282.58,82,3,2.22,RU,1601451958
195,Kununurra,-15.77,128.73,297.15,88,90,9.3,AU,1601451958
196,Kadhan,24.48,68.99,309.15,29,0,4.06,PK,1601451958
197,Garoowe,8.41,48.48,298.15,70,100,7.73,SO,1601451959
198,Malindi,-3.22,40.12,300.15,78,75,5.7,KE,1601451907
199,Araguaçu,-12.93,-49.83,299.19,28,32,2.27,BR,1601451959
200,Kalmunai,7.42,81.82,303.98,59,95,3.23,LK,1601451959
201,Hasaki,35.73,140.83,295.37,68,20,4.1,JP,1601451876
202,Muravlenko,63.79,74.52,280.3,72,100,4.36,RU,1601451960
203,Vostok,46.49,135.88,281.47,80,100,0.82,RU,1601451768
204,Makokou,0.57,12.86,295.76,87,93,1.6,GA,1601451961
205,Hualmay,-11.1,-77.61,289.04,87,97,3.5,PE,1601451962
206,Itō,34.97,139.08,294.15,56,75,1.5,JP,1601451962
207,Gualeguay,-33.14,-59.31,286.03,93,0,2.74,AR,1601451963
208,Karur,10.95,78.08,305.91,48,100,3.88,IN,1601451963
209,Lubango,-14.92,13.49,289.15,17,75,5.1,AO,1601451965
210,Alyangula,-13.85,136.42,304.15,52,19,5.7,AU,1601451965
211,Berlevåg,70.86,29.09,283.15,87,75,1.0,NO,1601451965
212,Gopālpur,19.27,84.92,298.73,91,100,4.16,IN,1601451966
213,Owando,-0.48,15.9,300.54,67,35,1.98,CG,1601451966
214,Ngunguru,-35.62,174.5,284.26,79,9,1.34,NZ,1601451966
215,Scarborough,54.28,-0.4,283.15,88,100,0.89,GB,1601451966
216,Tsimlyansk,47.65,42.1,293.71,36,90,11.58,RU,1601451967
217,Ust'-Kan,50.93,84.76,275.66,78,100,2.26,RU,1601451967
218,Faya,18.39,42.45,300.15,24,0,2.6,SA,1601451967
219,Vao,-22.67,167.48,292.33,67,0,10.24,NC,1601451968
220,Barstow,34.9,-117.02,294.15,13,1,3.6,US,1601451968
221,Fujin,47.26,132.03,286.2,59,12,1.58,CN,1601451968
222,Benguela,-12.58,13.41,296.15,78,75,2.45,AO,1601451969
223,Port-Cartier,50.03,-66.87,285.37,100,90,1.0,CA,1601451969
224,Iberia,29.95,-91.75,286.15,93,1,1.68,US,1601451969
225,Tucumã,-0.18,-50.05,297.71,87,32,2.61,BR,1601451969
226,Sitka,57.05,-135.33,285.15,81,1,1.5,US,1601451969
227,Río Gallegos,-51.62,-69.22,274.15,74,85,8.7,AR,1601451970
228,Bethel,41.37,-73.41,294.82,98,100,0.45,US,1601451970
229,Răstoliţa,46.97,24.99,284.26,88,100,3.08,RO,1601451970
230,Tiksi,71.69,128.87,274.11,91,100,5.53,RU,1601451962
231,Alice Springs,-23.7,133.88,303.15,20,7,4.6,AU,1601451907
232,Aktau,43.65,51.2,292.15,22,0,10.0,KZ,1601451761
233,Arona,28.1,-16.68,295.93,64,20,4.6,ES,1601451971
234,Port Said,31.26,32.28,302.15,74,0,2.6,EG,1601451914
235,Galeana,24.83,-100.07,282.81,77,0,0.8,MX,1601451972
236,Gīdam,18.98,81.4,298.72,83,100,0.94,IN,1601451972
237,Santa Maria,-29.68,-53.81,291.16,92,88,1.13,BR,1601451973
238,Lüderitz,-26.65,15.16,290.9,46,0,9.69,NA,1601451973
239,Codrington,-38.27,141.97,284.61,89,100,6.62,AU,1601451973
240,Graham,47.05,-122.29,288.15,100,90,0.79,US,1601451974
241,Say,13.1,2.37,301.15,74,100,3.1,NE,1601451974
242,Sigli,5.38,95.96,302.5,66,67,1.88,ID,1601451974
243,Georgiyevka,43.04,74.71,287.15,28,100,6.0,KZ,1601451975
244,Den Helder,52.96,4.76,287.15,100,75,4.6,NL,1601451975
245,Blagoveshchenka,52.83,79.87,280.98,54,0,2.65,RU,1601451976
246,Noshiro,40.2,140.02,293.15,60,20,4.6,JP,1601451976
247,Mogok,22.92,96.5,297.14,96,83,1.29,MM,1601451976
248,Pacific Grove,36.62,-121.92,288.15,93,90,2.1,US,1601451716
249,Prince Rupert,54.32,-130.32,285.15,93,1,4.31,CA,1601451977
250,Preobrazheniye,42.9,133.91,287.7,63,100,0.77,RU,1601451977
251,Ørje,59.48,11.66,285.37,100,79,2.03,NO,1601451978
252,Westport,41.14,-73.36,296.15,88,90,10.3,US,1601451978
253,Katsuura,35.13,140.3,296.48,56,23,0.89,JP,1601451980
254,Ishigaki,24.34,124.16,299.15,69,75,4.6,JP,1601451798
255,Zhigalovo,54.81,105.16,277.94,69,99,4.79,RU,1601451966
256,Qorveh,35.17,47.8,292.99,34,8,1.98,IR,1601451983
257,Aklavik,68.22,-135.01,275.15,93,20,1.5,CA,1601451984
258,Obeliai,55.97,25.15,286.69,79,97,4.08,LT,1601451984
259,Parabel',58.7,81.48,277.5,89,100,4.72,RU,1601451984
260,Saint Anthony,45.02,-93.22,284.26,71,90,1.73,US,1601451984
261,Klæbu,63.3,10.48,287.59,58,0,6.7,NO,1601451985
262,Bereda,43.27,-7.54,284.82,100,50,2.68,ES,1601451985
263,Saskylakh,71.92,114.08,272.51,91,56,1.05,RU,1601451962
264,Daru,-9.08,143.21,298.47,79,100,7.01,PG,1601451986
265,Mossamedes,-15.2,12.15,290.15,88,90,1.35,AO,1601451987
266,Xining,36.62,101.77,288.39,58,52,4.38,CN,1601451411
267,Ambunti,-4.24,142.84,299.38,91,90,1.55,PG,1601451987
268,Severo-Kuril'sk,50.68,156.12,283.66,78,100,2.43,RU,1601451987
269,Kindersley,51.47,-109.17,277.15,60,5,6.2,CA,1601451986
270,Khakhea,-24.69,23.49,299.32,27,0,6.88,BW,1601451989
271,Uray,60.12,64.78,286.77,69,57,3.37,RU,1601451962
272,Nicoya,10.15,-85.45,296.25,93,99,0.31,CR,1601451989
273,Hong Kong,22.29,114.16,302.04,82,32,0.45,HK,1601451730
274,Ossora,59.24,163.07,278.59,90,1,0.78,RU,1601451990
275,Srednekolymsk,67.45,153.68,280.9,83,100,2.81,RU,1601451990
276,Road Town,18.42,-64.62,301.48,87,3,6.71,VG,1601451990
277,Bodden Town,19.28,-81.25,300.93,83,49,0.89,KY,1601451990
278,Raudeberg,61.99,5.14,284.26,96,40,3.01,NO,1601451991
279,Najrān,17.49,44.13,305.15,17,4,2.1,SA,1601451991
280,Margate,51.38,1.39,288.15,90,100,1.34,GB,1601451992
281,Mabaruma,8.2,-59.78,295.75,99,55,0.76,GY,1601451992
282,Kaeo,-35.1,173.78,284.26,79,10,1.34,NZ,1601451992
283,Krasnoyarsk,56.01,92.79,277.15,55,40,3.0,RU,1601451845
284,Port Macquarie,-31.43,152.92,291.48,62,98,0.45,AU,1601451790
285,Gerede,40.8,32.2,288.38,53,3,3.71,TR,1601451993
286,Nushki,29.55,66.02,298.89,17,67,3.89,PK,1601451993
287,Petropavlovsk-Kamchatskiy,53.05,158.65,284.15,93,6,1.0,RU,1601451967
288,Itapirapuã,-15.82,-50.61,297.35,24,100,1.27,BR,1601451994
289,Puerto El Triunfo,13.28,-88.55,295.15,100,90,1.0,SV,1601451994
290,Murlīganj,25.9,86.98,305.49,62,100,0.67,IN,1601451889
291,Geraldton,-28.77,114.6,295.15,56,0,5.7,AU,1601451995
292,Qingdao,36.1,120.37,297.15,36,0,5.0,CN,1601451402
293,Itoman,26.12,127.67,299.15,78,40,13.9,JP,1601451701
294,Tāybād,34.74,60.78,291.49,23,0,4.63,IR,1601451996
295,Comodoro Rivadavia,-45.87,-67.5,277.15,61,0,4.1,AR,1601451996
296,San Patricio,19.22,-104.7,299.24,86,100,1.09,MX,1601451996
297,San Quintín,30.48,-115.95,297.23,54,0,1.36,MX,1601451996
298,Surab,28.49,66.26,296.84,21,0,6.17,PK,1601451997
299,Mbekenyera,-10.0,38.98,305.77,26,77,3.55,TZ,1601451997
300,Mangai,-4.05,19.53,304.12,53,0,0.58,CD,1601451997
301,Russkiy,43.01,131.86,290.15,45,100,5.0,RU,1601451757
302,Amurrio,43.05,-3.0,292.04,93,0,1.5,ES,1601451998
303,Te Anau,-45.42,167.72,276.93,88,27,0.36,NZ,1601451997
304,Sabha,27.04,14.43,307.02,17,0,6.02,LY,1601451998
305,Mandalgovi,45.76,106.27,282.37,43,3,10.51,MN,1601451973
306,Caravelas,-17.71,-39.25,295.48,89,40,1.91,BR,1601451999
307,Kawalu,-7.38,108.21,301.08,68,22,2.98,ID,1601451999
308,Badvel,14.75,79.05,301.73,72,100,4.96,IN,1601451999
309,Wukari,7.85,9.78,298.18,84,86,1.89,NG,1601452001
310,Naze,28.37,129.48,296.15,94,75,8.2,JP,1601451770
311,Cidreira,-30.18,-50.21,289.77,93,95,3.32,BR,1601452001
312,Kizilskoye,52.73,58.89,287.5,70,62,1.54,RU,1601452001
313,Mushie,-3.02,16.9,300.21,73,22,1.32,CD,1601452001
314,Quincy,42.25,-71.0,296.15,100,100,11.3,US,1601452002
315,Māngrol,21.12,70.12,302.16,68,5,4.78,IN,1601451906
316,Hirara,24.8,125.28,300.15,65,75,5.7,JP,1601451939
317,Ponta Delgada,37.73,-25.67,291.15,72,75,2.6,PT,1601452002
318,Cumana,10.46,-64.18,301.15,88,22,4.6,VE,1601452003
319,Zyryanka,65.75,150.85,281.63,61,100,3.94,RU,1601451963
320,Ola,59.58,151.28,280.0,85,100,3.96,RU,1601452003
321,Shache,38.42,77.24,298.54,17,0,4.57,CN,1601452003
322,Port Augusta,-32.5,137.77,292.15,59,100,3.1,AU,1601452004
323,Karratha,-20.74,116.85,304.97,19,6,5.39,AU,1601452004
324,Yeppoon,-23.13,150.73,297.15,47,0,4.6,AU,1601452004
325,Broken Hill,-31.95,141.43,294.15,40,66,7.7,AU,1601452004
326,Pangody,65.85,74.49,279.92,70,100,3.27,RU,1601452005
327,Jalu,29.03,21.55,302.91,45,0,3.16,LY,1601452005
328,Santa María del Oro,25.93,-105.37,284.5,66,0,0.45,MX,1601452005
329,Panama City,8.99,-79.52,299.15,94,100,1.5,PA,1601451737
330,Morondava,-20.28,44.28,301.63,49,0,5.78,MG,1601452006
331,Iqaluit,63.75,-68.51,271.15,68,90,3.6,CA,1601452006
332,Vallenar,-28.57,-70.76,283.89,68,0,0.29,CL,1601452006
333,Tooele,40.53,-112.3,287.59,45,1,3.1,US,1601452007
334,Barcelos,41.54,-8.62,287.59,100,0,1.39,PT,1601452007
335,Mahanoro,-19.9,48.8,299.82,62,0,4.05,MG,1601452007
336,Bara,10.37,10.73,296.52,84,100,2.49,NG,1601452007
337,Sarai Naurang,32.83,70.78,308.1,15,0,0.25,PK,1601452008
338,Cap Malheureux,-19.98,57.61,297.59,71,15,4.47,MU,1601452008
339,Dawlatabad,36.41,64.91,293.13,24,0,1.7,AF,1601452008
340,Gigmoto,13.78,124.39,303.11,66,34,1.2,PH,1601452008
341,Dunedin,-45.87,170.5,283.15,71,83,1.34,NZ,1601451869
342,Vardø,70.37,31.11,284.15,87,75,2.1,NO,1601452009
343,Tiznit Province,29.58,-9.5,294.78,54,0,0.73,MA,1601452009
344,Pisco,-13.7,-76.22,289.15,87,40,2.1,PE,1601452009
345,Yumen,40.28,97.2,291.04,26,0,6.11,CN,1601452009
346,Saint-Joseph,-21.37,55.62,300.15,61,32,4.1,RE,1601452010
347,Kiryat Gat,31.61,34.76,303.15,78,0,2.45,IL,1601452010
348,Wamba,8.93,8.6,297.42,85,99,0.59,NG,1601452010
349,La Paz,-16.5,-68.15,278.15,93,75,2.1,BO,1601451793
350,Ancud,-41.87,-73.82,277.59,77,22,2.6,CL,1601452011
351,Laas,46.62,10.7,283.71,100,40,2.6,IT,1601451751
352,Buchanan,5.88,-10.05,298.31,85,50,0.49,LR,1601452011
353,Villa Guerrero,18.87,-99.65,290.37,87,75,2.6,MX,1601452011
354,Novobirilyussy,56.95,90.67,278.44,62,74,2.37,RU,1601452012
355,Changli,39.7,119.15,293.21,32,0,2.97,CN,1601451978
356,Paracatu,-17.22,-46.87,292.8,35,0,0.8,BR,1601452014
357,Clifton,40.86,-74.16,295.37,94,90,5.7,US,1601452014
358,Palekastro,35.2,26.25,297.16,65,11,7.61,GR,1601452014
359,Oussouye,12.48,-16.55,297.15,100,97,1.0,SN,1601452015
360,Tilichiki,60.47,166.1,277.37,95,100,1.88,RU,1601451963
361,Hokitika,-42.72,170.97,280.76,73,0,1.68,NZ,1601451997
362,Padang,-0.95,100.35,302.18,70,92,1.18,ID,1601452018
363,Cabedelo,-6.98,-34.83,295.15,94,20,2.6,BR,1601452019
364,Tashtyp,52.79,89.9,276.65,81,100,0.64,RU,1601452019
365,Itupiranga,-5.13,-49.33,295.96,92,5,1.51,BR,1601452020
366,Burnie,-41.07,145.92,285.37,91,100,5.36,AU,1601452020
367,Nanortalik,60.14,-45.24,273.81,80,83,3.69,GL,1601451953
368,Coldwater,41.94,-85.0,283.15,87,75,1.5,US,1601452020
369,São Mateus,-18.72,-39.86,295.09,92,49,1.18,BR,1601452021
370,Asadābād,34.78,48.12,291.15,34,20,2.1,IR,1601452021
371,Broome,42.25,-75.83,285.37,100,90,1.5,US,1601452022
372,Acajutla,13.59,-89.83,292.04,100,100,5.23,SV,1601452022
373,Fare,-16.7,-151.02,299.44,77,1,9.89,PF,1601452022
374,Vestmannaeyjar,63.44,-20.27,279.15,70,20,2.6,IS,1601452022
375,Pochutla,15.74,-96.47,297.04,91,100,1.74,MX,1601452023
376,Provideniya,64.38,-173.3,274.54,88,0,0.8,RU,1601451963
377,Mayumba,-3.43,10.66,298.54,70,100,2.09,GA,1601452023
378,Storebø,60.09,5.23,285.37,100,75,4.1,NO,1601452023
379,Saint John,45.27,-66.07,292.15,100,90,4.6,CA,1601452024
380,Uusikaupunki,60.8,21.41,283.15,100,90,2.6,FI,1601452025
381,Vangaindrano,-23.35,47.6,300.52,55,0,5.41,MG,1601452025
382,Terney,45.05,136.61,286.59,63,100,0.31,RU,1601452025
383,El Porvenir,13.76,-87.35,293.15,100,75,1.0,HN,1601452025
384,Los Llanos de Aridane,28.66,-17.92,295.15,64,40,4.1,ES,1601452026
385,Makhachkala,42.98,47.5,294.15,49,27,13.0,RU,1601451922
386,College,64.86,-147.8,279.15,70,40,3.1,US,1601452027
387,Elk Point,42.68,-96.68,290.37,49,98,2.96,US,1601452027
388,Srikakulam,18.3,83.9,300.3,79,100,4.34,IN,1601452027
389,Ranau,5.95,116.66,305.15,66,20,2.6,MY,1601452027
390,Zhuhai,22.28,113.57,304.15,83,40,3.6,CN,1601451577
391,Hanko,59.83,22.95,285.93,90,0,0.45,FI,1601452028
392,Mount Gambier,-37.83,140.77,286.15,82,75,7.7,AU,1601452028
393,La Ronge,55.1,-105.28,282.15,66,90,8.7,CA,1601451991
394,West Bay,19.37,-81.42,300.93,86,34,0.45,KY,1601452028
395,Jiexiu,37.02,111.91,294.22,55,100,2.59,CN,1601451977
396,Vazhiny,60.96,34.02,287.35,77,28,1.15,RU,1601452030
397,Del Rio,29.36,-100.9,287.15,54,1,2.54,US,1601452030
398,Chumikan,54.72,135.31,284.09,64,0,5.68,RU,1601452030
399,Athani,16.73,75.07,301.97,59,38,4.09,IN,1601452030
400,High Level,58.52,-117.14,276.15,93,1,2.6,CA,1601452031
401,Asău,46.43,26.4,283.71,94,100,4.58,RO,1601452031
402,Río Tercero,-32.17,-64.11,283.71,62,0,1.24,AR,1601452031
403,Yako,12.97,-2.27,300.38,68,55,5.78,BF,1601452032
404,Safaga,26.73,33.94,307.15,24,3,5.1,EG,1601452032
405,Farafangana,-22.82,47.83,299.38,62,0,5.65,MG,1601452032
406,Isangel,-19.55,169.27,294.73,78,36,8.67,VU,1601451996
407,Upata,8.01,-62.4,298.15,83,100,0.45,VE,1601452032
408,Camacha,33.08,-16.33,294.15,73,75,4.6,PT,1601452033
409,Honiara,-9.43,159.95,303.15,74,20,4.6,SB,1601451782
410,Ferreira do Alentejo,38.05,-8.03,286.15,87,97,3.1,PT,1601452033
411,Aykhal,66.0,111.5,271.15,50,75,2.0,RU,1601452033
412,Shenjiamen,29.96,122.3,295.51,73,0,6.77,CN,1601452034
413,Miranda,3.25,-76.23,293.15,88,75,1.0,CO,1601452034
414,Camaná,-16.62,-72.71,288.6,79,66,2.43,PE,1601452034
415,Kupang,-10.17,123.58,305.15,49,20,3.1,ID,1601452034
416,Bariloche,-41.15,-71.31,277.15,80,75,10.3,AR,1601452035
417,San Martín,-33.08,-68.47,290.15,23,0,2.1,AR,1601451996
418,Whitianga,-36.83,175.7,283.71,78,1,0.45,NZ,1601452035
419,Guerrero Negro,27.98,-114.06,299.16,50,0,2.08,MX,1601452035
420,Sistranda,63.73,8.83,285.15,87,20,2.6,NO,1601451950
421,Gore,-46.1,168.94,282.04,91,93,3.58,NZ,1601452036
422,Lázaro Cárdenas,17.96,-102.2,299.71,79,100,2.62,MX,1601452036
423,Sur,22.57,59.53,307.39,33,0,2.03,OM,1601451839
424,Canto do Buriti,-8.11,-42.94,296.15,58,0,3.14,BR,1601452037
425,Ardakān,32.31,54.02,294.15,22,40,1.0,IR,1601452037
426,Hope,33.67,-93.59,286.15,76,1,2.1,US,1601452037
427,Wrocław,51.1,17.03,286.48,93,90,4.6,PL,1601451956
428,Sechura,-5.56,-80.82,289.64,84,96,3.2,PE,1601452044
429,Lovozero,68.0,35.01,283.6,68,83,1.23,RU,1601451962
430,Champerico,14.3,-91.92,292.04,96,92,2.46,GT,1601452044
431,Plaridel,14.89,120.86,306.15,66,40,4.6,PH,1601451992
432,Beloha,-25.17,45.05,298.94,61,96,6.58,MG,1601452045
433,Constantine,36.37,6.61,296.15,38,23,0.5,DZ,1601451879
434,Faanui,-16.48,-151.75,299.06,79,2,10.6,PF,1601452046
435,Strezhevoy,60.73,77.59,280.15,87,90,4.0,RU,1601452047
436,Boksitogorsk,59.47,33.85,286.16,80,2,2.18,RU,1601452047
437,Salalah,17.02,54.09,302.15,66,20,3.6,OM,1601452047
438,San Policarpo,12.18,125.51,302.4,74,100,2.44,PH,1601452047
439,Areia Branca,-4.96,-37.14,294.59,86,0,5.94,BR,1601452048
440,Hambantota,6.12,81.12,301.15,88,75,7.2,LK,1601452048
441,Bajil,15.06,43.29,308.49,41,91,1.78,YE,1601452048
442,Leh,34.17,77.58,285.46,27,0,2.68,IN,1601451775
443,Verkhoyansk,67.54,133.38,276.61,66,62,5.36,RU,1601451962
444,Fortuna,40.6,-124.16,288.15,100,90,0.85,US,1601452049
445,Colchester,51.89,0.9,285.37,100,100,4.99,GB,1601452049
446,Kieta,-6.22,155.63,299.86,81,50,3.17,PG,1601452050
447,Iquitos,-3.75,-73.25,294.27,99,98,1.01,PE,1601452050
448,Avera,33.19,-82.53,286.15,74,1,3.6,US,1601452050
449,Nyurba,63.28,118.33,275.55,74,100,1.21,RU,1601452050
450,Wadena,46.44,-95.14,282.15,81,75,3.6,US,1601452051
451,Pak Phanang,8.35,100.2,306.15,59,40,4.1,TH,1601452051
452,Kaka,37.35,59.61,293.66,22,0,2.27,TM,1601452051
453,Liverpool,53.41,-2.98,284.15,87,20,6.7,GB,1601452051
454,Kumla,59.13,15.14,287.59,93,90,1.0,SE,1601452052
455,Dingle,11.0,122.67,302.13,80,87,1.84,PH,1601452052
456,Havre-St-Pierre,50.23,-63.6,287.15,100,90,1.5,CA,1601452052
457,Cap-aux-Meules,47.38,-61.86,289.56,95,31,10.04,CA,1601452052
458,Yingkou,40.66,122.23,291.24,42,0,4.85,CN,1601451834
459,Abu Kamal,34.45,40.92,306.7,18,0,3.79,SY,1601451969
460,Chimoré,-16.98,-65.13,295.26,74,0,0.33,BO,1601452053
461,Qasigiannguit,68.82,-51.19,270.15,73,87,3.1,GL,1601452053
462,Meulaboh,4.14,96.13,302.99,69,99,5.64,ID,1601451949
463,Fécamp,49.76,0.37,288.15,93,75,4.1,FR,1601452054
464,Marsaxlokk,35.84,14.54,297.59,69,20,2.6,MT,1601452054
465,Port Lincoln,-34.73,135.87,287.64,73,74,6.87,AU,1601451998
466,Drayton Valley,53.22,-114.99,276.88,73,0,3.23,CA,1601452055
467,Fuerte Olimpo,-21.04,-57.87,298.4,46,0,1.96,PY,1601451995
468,San Vicente,-26.62,-54.13,294.88,68,11,1.1,AR,1601452055
469,Souillac,-20.52,57.52,299.15,65,75,7.2,MU,1601452056
470,Marzuq,14.4,46.47,303.89,19,10,1.13,YE,1601452056
471,Mbandaka,0.05,18.26,298.32,84,95,0.27,CD,1601452056
472,Sakaiminato,35.55,133.23,295.15,83,75,2.1,JP,1601452056
473,Sovetskaya,44.78,41.17,288.15,6,100,12.96,RU,1601452057
474,Quryq,43.2,51.65,292.59,26,0,8.25,KZ,1601452057
475,Salme,28.04,85.09,302.15,62,40,3.6,NP,1601452057
476,Nortelândia,-14.45,-56.8,298.17,41,97,1.15,BR,1601452057
477,Zhaotong,27.32,103.72,292.29,76,96,2.19,CN,1601451521
478,Sept-Îles,50.2,-66.38,285.15,100,90,1.0,CA,1601452058
479,Imeni Poliny Osipenko,52.42,136.49,283.18,68,0,0.12,RU,1601452058
480,Itarema,-2.92,-39.92,299.21,71,93,7.86,BR,1601452058
481,Kingman,35.19,-114.05,295.37,17,1,1.5,US,1601452059
482,Coos Bay,43.37,-124.22,286.15,100,90,2.1,US,1601451868
483,Sobolevo,54.43,31.9,286.93,64,57,5.87,RU,1601452059
484,Constitución,-35.33,-72.42,282.58,82,100,3.25,CL,1601452059
485,Dali,25.7,100.18,298.21,52,55,2.19,CN,1601452059
486,Port Keats,-14.25,129.55,302.39,68,54,4.65,AU,1601452060
487,Oistins,13.07,-59.53,301.15,83,40,9.8,BB,1601452060
488,Suntar,62.14,117.63,276.36,69,100,1.52,RU,1601451963
489,Kodinsk,58.69,99.18,278.3,61,100,3.42,RU,1601452061
490,Aitape,-3.14,142.35,301.14,77,99,2.69,PG,1601452061
491,Tiarei,-17.53,-149.33,300.15,69,20,1.5,PF,1601452061
492,Serowe,-22.38,26.72,293.05,69,100,7.19,BW,1601452062
493,Soe,-9.86,124.28,300.9,40,99,4.62,ID,1601452062
494,Bonavista,48.65,-53.11,289.39,91,92,6.98,CA,1601451986
495,Pangnirtung,66.15,-65.71,269.42,86,1,3.31,CA,1601451991
496,Auki,-8.77,160.7,299.83,82,32,3.07,SB,1601451996
497,Bathsheba,13.22,-59.52,301.15,83,40,9.8,BB,1601452063
498,Zapolyarnyy,69.42,30.81,283.15,93,75,5.1,RU,1601452063
499,Fort Nelson,58.81,-122.7,275.15,80,20,0.88,CA,1601451991
500,Kutum,14.2,24.67,301.39,44,100,5.82,SD,1601452064
501,La Sarre,48.8,-79.2,281.43,96,100,2.39,CA,1601452064
502,Sorong,-0.88,131.25,301.81,73,100,3.26,ID,1601452046
503,Saint-Médard-en-Jalles,44.9,-0.72,284.82,100,20,1.61,FR,1601452065
504,Gornopravdinsk,60.05,69.9,283.18,87,100,2.35,RU,1601452065
505,Coquimbo,-29.95,-71.34,282.15,81,0,2.6,CL,1601452066
506,Bonthe,7.53,-12.51,298.92,86,68,0.92,SL,1601452066
507,Palāsa,18.77,84.42,299.58,86,100,1.37,IN,1601452009
508,Tommot,58.96,126.29,282.4,68,100,1.85,RU,1601452066
509,Maceió,-9.67,-35.74,294.15,94,75,1.0,BR,1601452067
510,Douentza,15.0,-2.95,306.03,32,44,0.56,ML,1601452067
511,Wanning,18.8,110.4,303.66,69,90,1.96,CN,1601452067
512,Yerbogachën,61.28,108.01,276.85,64,39,2.65,RU,1601452067
513,Bako,5.78,36.57,295.18,81,59,0.43,ET,1601451972
514,Andenes,69.31,16.12,282.15,100,40,2.1,NO,1601452068
515,Polson,47.69,-114.16,283.15,61,0,1.31,US,1601452068
516,Airai,-8.93,125.41,296.25,57,35,2.13,TL,1601452068
517,Rosendal,59.99,6.01,285.37,94,100,1.42,NO,1601452069
518,Corinth,37.94,22.96,295.93,46,0,4.92,GR,1601452069
519,Linxia Chengguanzhen,35.6,103.21,285.78,78,100,2.38,CN,1601451792
520,Mae Sai,20.43,99.88,303.15,70,75,1.5,TH,1601452069
521,Harper,4.38,-7.72,298.4,88,100,5.29,LR,1601452070
522,Leer,8.3,30.14,300.18,72,91,3.72,SS,1601452070
523,Tongzi,28.78,105.09,300.41,56,51,1.42,CN,1601452070
524,Izamal,20.93,-89.02,298.15,93,16,0.92,MX,1601452070
525,Brigantine,39.41,-74.36,292.04,93,90,3.1,US,1601452071
526,Lata,40.16,-8.33,290.93,89,100,0.83,PT,1601452071
527,Jacareacanga,-6.22,-57.75,297.06,72,99,0.58,BR,1601452071
528,Baculin,7.45,126.58,302.52,67,1,1.94,PH,1601452072
529,Bandarbeyla,9.49,50.81,302.33,61,74,9.04,SO,1601452072
530,Veshkayma,54.05,47.13,288.52,58,100,3.66,RU,1601452072
531,Anadyr,64.75,177.48,278.15,75,100,4.0,RU,1601452072
532,Gladstone,-23.85,151.25,295.15,56,17,5.1,AU,1601452073
533,Andrushivka,50.02,29.02,286.02,91,100,6.16,UA,1601452073
534,Ubari,26.59,12.78,307.73,13,0,5.81,LY,1601452073
535,Fort Myers Beach,26.45,-81.95,297.15,100,75,4.06,US,1601452073
536,Luwuk,-0.95,122.79,301.13,73,84,2.39,ID,1601452074
537,Dhārchula,29.85,80.53,301.02,37,0,2.79,IN,1601452074
538,Plettenberg Bay,-34.05,23.37,288.8,54,0,2.26,ZA,1601452074
539,Altay,47.87,88.12,280.59,53,57,3.62,CN,1601451976
540,Panguipulli,-39.63,-72.33,279.15,87,90,5.1,CL,1601452075
541,Palu,-0.89,119.87,302.37,68,89,1.24,ID,1601451913
542,Olafsvik,64.89,-23.71,277.03,81,68,3.83,IS,1601452075
543,Craig,40.52,-107.55,280.15,55,1,1.2,US,1601452075
544,San Fernando del Valle de Catamarca,-28.47,-65.79,284.82,45,0,1.79,AR,1601452076
545,Husavik,66.04,-17.34,277.15,86,75,4.6,IS,1601452076
546,Kasongo-Lunda,-6.47,16.82,299.7,68,94,0.84,CD,1601452077
547,Colares,38.8,-9.45,290.93,88,75,3.6,PT,1601452077
548,Newark,40.74,-74.17,295.37,94,90,9.3,US,1601452077
549,North Bend,43.41,-124.22,286.15,100,90,2.6,US,1601452078
550,Singaraja,-8.11,115.09,302.5,62,51,0.69,ID,1601451996
551,Bryan,30.67,-96.37,289.15,51,1,2.1,US,1601451987
552,Noumea,-22.28,166.46,293.15,64,13,7.2,NC,1601451975
553,Madimba,-10.4,40.33,301.15,61,75,5.1,TZ,1601452079
554,Vesele,47.01,34.91,291.18,79,100,6.91,UA,1601452079
